new,price,refurbished,title
+50 vendidos,9931,Reacondicionado,Apple Macbook Pro 2017 13.3 Intel Core I5 2.3ghz 8gb Ram Ssd (Reacondicionado)
1 vendido,6929,Reacondicionado,Macbook Pro Retina 2014 13.3 Core I5 8 Ram 251 Ssd (Reacondicionado)
,9166,Reacondicionado,Apple Macbook Pro 13.3  2017 Intel Core I5 8/512gb Gris (Reacondicionado)
,5777,Reacondicionado,Apple Macbook Pro 15.4 Retina 2013 256gb 16gb Intel Core I7 (Reacondicionado)
+100 vendidos,4997,,Computadora Macbook Pro Original
Nuevo  |  +25 vendidos,58266,,Apple Macbook Pro De 16.2  Chip M1 Pro 1tb Ssd - Gris
,20888,Reacondicionado,Apple Macbook Pro 2019 I5 8gb Ssd 128gb 1.4ghz 13.3 Sonoma (Reacondicionado)
+5 vendidos,3279,Reacondicionado,Macbook Pro 2011 4 Ram Core I5 High Sierra  (Reacondicionado)
+50 vendidos,4181,Reacondicionado,Macbook Pro 13 2012 Macos Catalina Apple Buena Batería (Reacondicionado)
4 vendidos,6724,Reacondicionado,"Macbook Pro Mid 2013, 15 Pul Core I7 16 Ram 500  Ssd Wooooow (Reacondicionado)"
,5900,Reacondicionado,"Teclado Touch, Macbookpro 2015, 15 , I7, 16gb Leer Descrip  (Reacondicionado)"
,18002,Reacondicionado,Macbook Pro A1990 I7-8th Gen 16gb-ram/512 Ssd (2019 +regalo) (Reacondicionado)
Nuevo,45644,,Apple Macbook Pro 14 Chip M3 Pro 18gb Ram 512gb Negro
Nuevo  |  1 vendido,17999,,Apple Macbook Air 13 Chip M1 256 Gb Ssd - Plata
Nuevo  |  2 vendidos,37000,,Macbook Pro 16
Nuevo  |  +100 vendidos,32499,,Apple Macbook Pro De 13  Chip M2 256 Gb Ssd - Gris Espacial
+50 vendidos,14680,Reacondicionado,Apple Macbook Pro 2016 13.3 I5 2.0ghz 8gb Ram 250gb Ssd (Reacondicionado)
Nuevo,36999,,Macbook Pro A1989 (2019) 13 Retina Corei5 8gb 256gb Touchbar
Usado,20999,,Apple Macbook Pro 13  Chip M2 2022 256gb Sdd 8gb
,999,Reacondicionado,Macbook A1278 (2010) Venta X Partes Pregunta Por Refacciones (Reacondicionado)
,9918,Reacondicionado,"Laptop Apple Macbook Pro 2017, 8 Gb Ram, 128 Gb Ssd Plata (Reacondicionado)"
1 vendido,29449,Reacondicionado,Macbook Retina 16 Touch Bar 2019 Core I9 32gb 1tb 5500m (Reacondicionado)
Nuevo,42675,,"Apple Macbook Pro, 16 Ram + 1 Tb Ssd, Inspiración. Diseño. "
,4600,Reacondicionado,Macbook Pro 13'' Modelo A1278 Apple  (Reacondicionado)
1 vendido,3449,Reacondicionado,Macbook Pro 2011 4 Ram Core I5 High Sierra Msi (Reacondicionado)
+5 vendidos,5989,Reacondicionado,Macbook Pro 13 2012 Mac Os Catalina Apple Msi (Reacondicionado)
1 vendido,4600,Reacondicionado,"Macbook Pro 2013, 13.3p, Core I5, 8gb, 250ssd Flash (Reacondicionado)"
Nuevo  |  +5 vendidos,399,,Cargador Compatible Con Magsafe ® 2 85w A1424 A1398 A1343
+5 vendidos,5345,Reacondicionado,Macbook Pro 13 2012 Catalina I5 8 Ram 512 Ssd (Reacondicionado)
+5 vendidos,5411,Reacondicionado,Macbook Pro 2012 13inch I5 16gb Ram Catalina Apple (Reacondicionado)
+5 vendidos,3279,Reacondicionado,Macbook Pro 2011 4 Ram Core I5 High Sierra  (Reacondicionado)
+5 vendidos,3279,Reacondicionado,Macbook Pro 2011 4 Ram Core I5 High Sierra  (Reacondicionado)
+5 vendidos,3279,Reacondicionado,Macbook Pro 2011 4 Ram Core I5 High Sierra  (Reacondicionado)
,5320,Reacondicionado,Macbook Pro 13 Mid 2012 1tb-hdd 4gb I7 (Reacondicionado)
,28699,Reacondicionado,Apple Macbook Pro 16 Pulgadas Intel I9 32gb Ram 512gb A2141 (Reacondicionado)
Usado,34990,,Laptop Macbook Pro 16 Chip Apple M1 Pro 512 Ssd
Usado,500,,Tarjeta Wifi Laptop Macbook A1278 N/p 607-4144-a
Usado,200,,Teclado Macbook  Ingles 13 A1278 2009 2010 2011 2012 Detalle
,8549,Reacondicionado,Macbook Pro 13 Retina Finales 2013 1tb 16gb I7 (Reacondicionado)
,9499,Reacondicionado,Macbook Pro 15 Retina Mid 2014 512gb-ssd 16gb I7 (Reacondicionado)
,5985,Reacondicionado,Macbook Pro 13 Mid 2012 750gb-hdd 16gb I7 (Reacondicionado)
,12399,Reacondicionado,"Macbook Pro A1707 Core I7 16gb Ram 500gb Ssd 2016 15,6 (Reacondicionado)"
,5999,Reacondicionado,Macbook Pro (a1502) Core I5 8gb Ram 120gb Ssd 2014 (factura) (Reacondicionado)
,29998,Reacondicionado,Apple Macbook Pro 2019 Core I7 2.6ghz 16gb Ssd 512gb 16 Inch (Reacondicionado)
Nuevo,59999,,"Apple Macbook Pro (14 Pulgadas, Chip M1 Pro De Apple 1tb Ssd"
+25 vendidos,5999,Reacondicionado,Macbook Pro 2012 13inch I5 16gb Ram Catalina Apple (Reacondicionado)
+5 vendidos,5345,Reacondicionado,Macbook Pro 13 2012 Catalina I5 8 Ram 512 Ssd (Reacondicionado)
+25 vendidos,5999,Reacondicionado,Macbook Pro 2012 13inch I5 16gb Ram Catalina Apple (Reacondicionado)
+5 vendidos,5345,Reacondicionado,Macbook Pro 13 2012 Catalina I5 8 Ram 512 Ssd (Reacondicionado)
+5 vendidos,5345,Reacondicionado,Macbook Pro 13 2012 Catalina I5 8 Ram 512 Ssd (Reacondicionado)
,23988,Reacondicionado,Apple Macbook Pro Chip M1 256gb 16gb Ram Barata Rapida Plata (Reacondicionado)
4 vendidos,8000,Reacondicionado,Macbook Pro 2010 13  Core I5 A1278 (Reacondicionado)
Nuevo,45644,,Apple Macbook Pro 14 Chip M3 Pro 18gb Ram 512gb Plata
,13000,Reacondicionado,Macbook Pro 13  Touchbar A1989 2018 Intel I7 Quadcore 512gb  (Reacondicionado)
Usado,26999,,Macbook Pro M2 512 Gb 8ram
Nuevo,55787,,Apple Macbook Pro 14 Chip M3 Pro 18gb Ram 1tb Negro
,5900,Reacondicionado,"Teclado Con Tm, Macbookpro 2015, 15 , I7, 16gb Leer Descrip  (Reacondicionado)"
,18905,Reacondicionado,Macbook Pro Retina 16 Touch Bar 2019 Intel I7 16gb 512 Gb (Reacondicionado)
3 vendidos,11241,Reacondicionado,Apple Macbook Pro Retina/core I7/8 Ram/500 Gb Ssd/13.3/ Msi (Reacondicionado)
2 vendidos,5999,Reacondicionado,Macbook Pro Retina 2013 13.3 Core I5 8 Ram 250 Ssd (Reacondicionado)
+5 vendidos,5939,Reacondicionado,Macbook Pro 13 2012 Core I7 Catalina Apple (Reacondicionado)
,19349,Reacondicionado,Macbook Retina 15 Touch Bar 2018 Core I9 32gb 256ssd Pro560x (Reacondicionado)
,14799,Reacondicionado,Macbook Pro A1990 Core I7 16gb Ram 500gb Ssd 2018 15.6  (Reacondicionado)
+5 vendidos,3899,Reacondicionado,Macbook Pro 2011 8 Ram Core I5 High Sierra (Reacondicionado)
+5 vendidos,23332,Reacondicionado,Macbook Pro 16 Inch 2019 16 Ram 512 Ssd  I7 2.6ghz 4gb Video (Reacondicionado)
,8549,Reacondicionado,Macbook Pro 15 2015 128gb-ssd 8gb I7 (reacondicionado) (Reacondicionado)
,5999,Reacondicionado,Macbook Pro (a1502) Core I5 8gb Ram 120gb Ssd 2014 (factura) (Reacondicionado)
Nuevo  |  2 vendidos,27999,,Apple Macbook Pro 13 M2 8gb 256gb Plata Ñ Mx Mnep3e/a 2022
Nuevo  |  +5 vendidos,44831,,Apple Macbook Pro De 14  Chip M1 Pro 512gb Ssd - Gris
,4346,Reacondicionado,"Macbook Pro 2010, 15 PuLG, I5, 8gb, 500gb Discosolido Rapida (Reacondicionado)"
,20988,Reacondicionado,Apple Macbook Pro Chip M1 256 Gb 8gb Ram Rapidas Baratas (Reacondicionado)
Nuevo  |  +5 vendidos,49999,,Apple Macbook Pro 14 M2 Pro Chip - 16gb 512gb Ssd Mod A2779
,9295,Reacondicionado,"Apple Macbook Pro, 13.3' Intel Core I5, 8/512gb A 2.30 Ghz (Reacondicionado)"
2 vendidos,6299,Reacondicionado,Macbook Pro 2015 Retina 13.3 Corei5 8gb Ram 251 Gb Ssd Msi (Reacondicionado)
2 vendidos,14995,Reacondicionado,Macbook Pro 15 Retina A1707 Touchbar I7 16gb 256gb Radeon (Reacondicionado)
+5 vendidos,10391,Reacondicionado,Apple Macbook Pro Retina/ Core I7/ 8 Ram/ 500 Gb Ssd/ 13.3  (Reacondicionado)
+5 vendidos,500,Reacondicionado,Lote 32 Tarjetas Ram 2gb Pc3 12800s Ddr3l 1600mhz Laptop (Reacondicionado)
4 vendidos,15099,Reacondicionado,Macbook Pro Retina A1708 Mid 2017 13.3 I5 8 Gb Ram 256 Ssd M (Reacondicionado)
+5 vendidos,5939,Reacondicionado,Macbook Pro 13 2012 Core I7 Catalina Apple (Reacondicionado)
+5 vendidos,5939,Reacondicionado,Macbook Pro 13 2012 Core I7 Catalina Apple (Reacondicionado)
2 vendidos,5999,Reacondicionado,Macbook Pro Retina 2013 13.3 Core I5 8 Ram 250 Ssd (Reacondicionado)
2 vendidos,5999,Reacondicionado,Macbook Pro Retina 2013 13.3 Core I5 8 Ram 250 Ssd (Reacondicionado)
Nuevo  |  +25 vendidos,61199,,Laptop Apple Macbook Pro 14'' M1 Pro 16gb Ram + 1tb Ssd Gris
,25529,Reacondicionado,Apple Macbook Pro M2 13'' 2022 512gb 8 Gb Ram Silver (Reacondicionado)
Nuevo,74999,,Apple Macbook Pro 14 Chip M3 Max 36gb Ram 1tb Plata
3 vendidos,7950,Reacondicionado,Macbook 12 Retina Intel Corem 8gb 256gb Ssd 2015 A1534 Apple (Reacondicionado)
Usado,21000,," Macbook Pro 2019, 15', 500gb, 16ram, Perfectas Condiciones"
,17299,Reacondicionado,Macbook Pro A1990 16gb Ram 500gb Ssd Core I9 15.4  (Reacondicionado)
,9974,Reacondicionado,Macbook Pro 15 Retina Mid 2014 1tb-ssd 16gb I7 (Reacondicionado)
,12500,Reacondicionado,Macbook Pro Touchbar I7 16gb Ram 256gb Ssd Turboboost  (Reacondicionado)
Nuevo,10200,,Laptop Lenovo De 1t  Color Azul Marino 
1 vendido,6509,Reacondicionado,Macbook Pro 2012 Core I7 8 Ram Catalina (Reacondicionado)
,5579,Reacondicionado,Macbook Pro Retina 2014 13.3 Core I5 8 Ram Ssd Detalle (Reacondicionado)
1 vendido,600,Reacondicionado,Lote 14 Tarjetas Ram 2gb Pc3 12800s Ddr3l 1600mhz Laptop (Reacondicionado)
Nuevo,28625,,Apple Macbook Pro 2018 Con Intel Core I7 De 2.2 Ghz (15
Nuevo,39999,,Apple Macbook Pro 14 Chip M3 8gb Ram 1tb Gris
Nuevo,9449,,Reacondicionado Macbook Pro De 13 Gb De Ram 512 Ssd
Nuevo,55787,,Apple Macbook Pro 14 Chip M3 Pro 18gb Ram 1tb Plata
Usado,30000,,Apple Macbook Pro
,14000,Reacondicionado,Apple Macbook Pro 13 Chip M2 512gb Color Gris Espacial (Reacondicionado)
,8549,Reacondicionado,Macbook Pro 15 Mid 2012 500gb-hdd 8gb I7 (Reacondicionado)
Usado  |  1 vendido,11990,,Apple Macbook Pro A-1708 Intel Ci5-7360u 8gb/512gb
1 vendido,8950,Reacondicionado,Macbook 12 Retina 2017 Core M3 8gb 256gb (Reacondicionado)
Nuevo,62999,,Apple Macbook Pro 14  2023 M2 Pro 10-16-16 16gb Ram 512gb
Nuevo,56970,,Laptop Lenovo Thinkpad T15 Gen 1 20s6003yus 15.6  No   4k Uh
Nuevo,53850,,Laptop Dell Latitude 5330 2in1  13.3 Inch Inch Fhd Ag Ips 30
Nuevo,79999,,Apple Macbook Pro 2023 16  M2 Pro 12-19-16 16gb Ram 512gb
Nuevo,18290,,"Laptop Dell Inspiron 3000 15.6 Inch Fhd Touchscreen , Intel"
Nuevo  |  1 vendido,1178,,Protector Matte Negro Macbook Pro 13.3 Negro Xtreme C
Nuevo,167970,,Laptop Dell Xps 17 9720 12th Gen Intel Core I712700h 14 Co
Nuevo,8585,,"Reacondicionado Macbook Pro 13, 16 Gb De Ram, Ssd, 1 Tb"
